link,title
https://johnsoncontrols.fluidtopics.net/viewer/document/SZnFXJeiRSNhooFuytEnKg,150.52-W1.pdf
https://johnsoncontrols.fluidtopics.net/viewer/document/9B4D~VT2qsb8obCFlMkwZw,2681100.pdf
https://johnsoncontrols.fluidtopics.net/viewer/document/opuWU71Muwygyjq91aDmFA,160.55-PW4.pdf
https://johnsoncontrols.fluidtopics.net/viewer/document/diey7QlTAG3f0e8BjKcb~A,160.55-PW5.pdf
https://johnsoncontrols.fluidtopics.net/viewer/document/tyuk_qNDo0_3L5syuV6~MA,160.55-PW6.pdf
https://johnsoncontrols.fluidtopics.net/viewer/document/Uv7SliTVHwHMNra12nmVMg,636108.pdf
https://johnsoncontrols.fluidtopics.net/viewer/document/7MtvPjyw5Uht8uJPDL5qTg,201.18-NM2.pdf
https://johnsoncontrols.fluidtopics.net/viewer/document/iIfFyaJUshgPHE7oUucyGA,150.63-W2.pdf
https://johnsoncontrols.fluidtopics.net/viewer/document/kxzIxTbd2H08a4m0DiyL~g,636018.pdf
https://johnsoncontrols.fluidtopics.net/viewer/document/6yrJxZYA54kMtFIltdhxMg,160.80-NOM1.pdf
https://johnsoncontrols.fluidtopics.net/viewer/document/hWQ2s9T41XXfjqVpcBRapA,2681300.pdf
https://johnsoncontrols.fluidtopics.net/viewer/document/aJp6~97jwqxZYnSrOe4fqw,160.80-N1.pdf
https://johnsoncontrols.fluidtopics.net/viewer/document/gTJVWpxitLDz4bG9hUrHMQ,150.63-NM2.pdf
https://johnsoncontrols.fluidtopics.net/viewer/document/S5ALq5RPNPPyRuMm3cI0tg,150.63-W1.pdf
https://johnsoncontrols.fluidtopics.net/viewer/document/2_pJB01EN3mXvNj0E_NQYQ,150.62-W2.pdf
https://johnsoncontrols.fluidtopics.net/viewer/document/Acsc6aUBDNJyNnSYCop7dA,201.18-W3.pdf
https://johnsoncontrols.fluidtopics.net/viewer/document/Pyh72n0VLaJ6dWZEHp8e~A,201.18-W4.pdf
https://johnsoncontrols.fluidtopics.net/viewer/document/UHus_K3FulH4fwqIVRIseA,160.55-PW7.pdf
https://johnsoncontrols.fluidtopics.net/viewer/document/INzclY1QP51F6daxdZPHvA,216178.pdf
https://johnsoncontrols.fluidtopics.net/viewer/document/FSWMWHXnwD1pkENCfRproA,216173.pdf
https://johnsoncontrols.fluidtopics.net/viewer/document/n0e3jk8BU9EAU0qu0R2umg,160.49-RP4.pdf
https://johnsoncontrols.fluidtopics.net/viewer/document/0tYR_uML07baaHZQ_DlhcA,160.55-N3.pdf
https://johnsoncontrols.fluidtopics.net/viewer/document/Fj_S3AmO5bFGwRPBF0IbcQ,160.55-N1.pdf
https://johnsoncontrols.fluidtopics.net/viewer/document/2H5N53uOrsll0CfXr71G8Q,160.47-O1.pdf
https://johnsoncontrols.fluidtopics.net/viewer/document/164TebyGH5hTjUZdbawMaA,160.55-PW1.pdf
https://johnsoncontrols.fluidtopics.net/viewer/document/G_kDrgx1KsUCAkppX1fxrg,160.55-PW3.pdf
https://johnsoncontrols.fluidtopics.net/viewer/document/T64GN9J5dWHVbS6gALCeyg,160.55-PW2.pdf
https://johnsoncontrols.fluidtopics.net/viewer/document/Gv7vjJvGSzOrTfhostEAvw,150.62-NM2.pdf
https://johnsoncontrols.fluidtopics.net/viewer/document/qK0SXkBFQyB0e8ezuE0MYw,150.55-W3.pdf
https://johnsoncontrols.fluidtopics.net/viewer/document/99Kl9qFybHobCU~2mqiT3Q,150.63-NM1.pdf
https://johnsoncontrols.fluidtopics.net/viewer/document/eZ3oUcalXVYOcFag964Pfg,150.70-EG1.pdf
https://johnsoncontrols.fluidtopics.net/viewer/document/Pkhmg7GJQiLmcHfyQErXtA,160.47-RP3.pdf
https://johnsoncontrols.fluidtopics.net/viewer/document/B06tpnmvhi2HXxOQb0zPsw,160.00-NO7.pdf
https://johnsoncontrols.fluidtopics.net/viewer/document/k_rBRojg_2KuVvLefp7xrw,160.47-RP7.pdf
https://johnsoncontrols.fluidtopics.net/viewer/document/mr~dEWMlqLZjA1MYTCLdzQ,160.60-N2.pdf
https://johnsoncontrols.fluidtopics.net/viewer/document/qirPda4vT7jPxk334bparg,201.18-W2.pdf
https://johnsoncontrols.fluidtopics.net/viewer/document/a1B1Zqh0M3tqbwE~3qzq6w,160.48-NO1.2.pdf
https://johnsoncontrols.fluidtopics.net/viewer/document/d75EsICxEYT8q6z6vVDsBg,160.47-N3.1.pdf
https://johnsoncontrols.fluidtopics.net/viewer/document/XI6F0jPND_3e36l2Mq78CQ,160.47-NOM3.pdf
https://johnsoncontrols.fluidtopics.net/viewer/document/Mzs6efkrpdvc8EkD0vDM3A,160.49-N2.pdf
https://johnsoncontrols.fluidtopics.net/viewer/document/G8vcFxeMcjRR7~7kM_v4ug,444037.pdf
https://johnsoncontrols.fluidtopics.net/viewer/document/yqd5CZN51YfQfDSZol6JAQ,160.54-PA1.pdf
https://johnsoncontrols.fluidtopics.net/viewer/document/w2AN4284rH0pMh6emLuXtA,160.54-PW4.pdf
https://johnsoncontrols.fluidtopics.net/viewer/document/x7sHKIm_2F_rc2~AEtdAOQ,160.54-PW5.pdf
https://johnsoncontrols.fluidtopics.net/viewer/document/DNrYv_JqmOoJlN~xNIgSXw,160.66-RP1.pdf
https://johnsoncontrols.fluidtopics.net/viewer/document/qVVm~zV3vCdYpGBAUQ02Ig,1921130.pdf
https://johnsoncontrols.fluidtopics.net/viewer/document/VsB9Fsffi3FNrfXu8g5BIw,1921150.pdf
https://johnsoncontrols.fluidtopics.net/viewer/document/WCRjLjew0wOMdMvDf_jYUA,1929085.pdf
https://johnsoncontrols.fluidtopics.net/viewer/document/I4gorD5j2q0c5k1uv2P0tw,1922160.pdf
https://johnsoncontrols.fluidtopics.net/viewer/document/~U2r7easUL7qP0p9ROjSpw,1922075.pdf
https://johnsoncontrols.fluidtopics.net/viewer/document/qqvHrZLfzj5wobPHm_LJsQ,1921285.pdf
https://johnsoncontrols.fluidtopics.net/viewer/document/iizavuVm56uO3Nr7IdBbDA,160.60-PW1.pdf
https://johnsoncontrols.fluidtopics.net/viewer/document/auYbodL4Ro9PQkPtrVMr_Q,2098-0023.pdf
https://johnsoncontrols.fluidtopics.net/viewer/document/TdLyAp32La5x5s9p_8ih4Q,201.18-W1.pdf
https://johnsoncontrols.fluidtopics.net/viewer/document/eh0U58lVZ2Y_eI1OBQ_dIQ,201.10-NM4.pdf
https://johnsoncontrols.fluidtopics.net/viewer/document/rfmDDmZ_JjRjDhz39oGnfw,180.23-RP4.pdf
https://johnsoncontrols.fluidtopics.net/viewer/document/DbnNynR38454smmqES8RXw,180.23-RP5.pdf
https://johnsoncontrols.fluidtopics.net/viewer/document/~Ux8U54oGIkmeWrMCUZUiA,121344.pdf
https://johnsoncontrols.fluidtopics.net/viewer/document/tb2uHHJ9d3BkrXLihRCLvQ,160.52-N3.pdf
https://johnsoncontrols.fluidtopics.net/viewer/document/9jeUytwrqeV4t7XfZBELbA,160.49-N3.pdf
https://johnsoncontrols.fluidtopics.net/viewer/document/jAz4COYIDPjZ2mhS0S0F8g,160.49-PW9.pdf
https://johnsoncontrols.fluidtopics.net/viewer/document/oxa~i4wysithh_gXS31qrQ,150.65-RP4.pdf
https://johnsoncontrols.fluidtopics.net/viewer/document/KSdlud8A~w2Ujf1aYk434g,150.62-W1.pdf
https://johnsoncontrols.fluidtopics.net/viewer/document/iwhAFByNKXhnLQqgjSMiFQ,150.60-RP5.pdf
https://johnsoncontrols.fluidtopics.net/viewer/document/0TEPJk9L9Lk5PsX8HDCX2g,160.52-PW3.pdf
https://johnsoncontrols.fluidtopics.net/viewer/document/dRPSX1ZxUyFHNW0PK2SZdA,160.47-PW4.pdf
https://johnsoncontrols.fluidtopics.net/viewer/document/jKmLFhDfBSPl9E748lAZCA,160.47-PW3.pdf
https://johnsoncontrols.fluidtopics.net/viewer/document/8DlYu47EGOr7s~8HsazV4Q,160.52-PA1.pdf
https://johnsoncontrols.fluidtopics.net/viewer/document/hTblz01PQHe3VItkzEUiGg,160.48-PA15.pdf
https://johnsoncontrols.fluidtopics.net/viewer/document/309ycyGFBbHZ1fpkTWJ3BQ,160.48-PA21.pdf
https://johnsoncontrols.fluidtopics.net/viewer/document/uzWbdhRQgagw4rCqBmEEqQ,160.49-PW12.pdf
https://johnsoncontrols.fluidtopics.net/viewer/document/eE1_~Ysn4foLM5bcvpnfMw,160.52-N1.pdf
https://johnsoncontrols.fluidtopics.net/viewer/document/iDX5_uC~uqwzIkTzXTYpgA,160.05-N4.pdf
https://johnsoncontrols.fluidtopics.net/viewer/document/T3RWhTbEm55GQqxl5dy76w,44598221.pdf
https://johnsoncontrols.fluidtopics.net/viewer/document/18qVK1_EFyYbWR9u7vBFHw,150.75-EG1.pdf
https://johnsoncontrols.fluidtopics.net/viewer/document/c12JZz_NJPtPo8Ohk4rT4Q,160.66-PW1.pdf
https://johnsoncontrols.fluidtopics.net/viewer/document/g6gB_r0ttWa4HbCOABN_7Q,160.52-O1.pdf
https://johnsoncontrols.fluidtopics.net/viewer/document/7MoALyAbnoWXVshYdlMePw,160.60-RP2.pdf
https://johnsoncontrols.fluidtopics.net/viewer/document/xakuVmUXPyfqeqzrYuGepw,201.10-NM3.pdf
https://johnsoncontrols.fluidtopics.net/viewer/document/ZYxQyDWO7AHj6PzhNG~e8g,160.49-RP3.pdf
https://johnsoncontrols.fluidtopics.net/viewer/document/8Jz3Ldhbx17QElxbplAQbQ,160.47-PW5.pdf
https://johnsoncontrols.fluidtopics.net/viewer/document/RYsbXa2x9F7WATSaIobO~g,160.47-PW7.pdf
https://johnsoncontrols.fluidtopics.net/viewer/document/4~Bb05Pmloz~pCj9ERUe2g,160.47-PW6.pdf
https://johnsoncontrols.fluidtopics.net/viewer/document/pg85lSOGTTPMeYtYHtODmw,160.47-PW11.pdf
https://johnsoncontrols.fluidtopics.net/viewer/document/lw1iBQ32crYLb08x7ZSMrw,160.47-PW12.pdf
https://johnsoncontrols.fluidtopics.net/viewer/document/~u95S9EyljvpGJ_dQ1sePA,160.52-PW1.pdf
https://johnsoncontrols.fluidtopics.net/viewer/document/Ay~1wCiPtkL8Y171RvGbxQ,160.52-PW2.pdf
https://johnsoncontrols.fluidtopics.net/viewer/document/yCbTCYz2lF7ewGzhk~YGng,160.66-RP2.pdf
https://johnsoncontrols.fluidtopics.net/viewer/document/nhSL9nRzamc6jGMdkEy5sg,44598140.pdf
https://johnsoncontrols.fluidtopics.net/viewer/document/0kakYO9hX6oPpyf~ZXO5Cw,44598159.pdf
https://johnsoncontrols.fluidtopics.net/viewer/document/twDa7SnYjxn_uWyxioZblQ,160.00-PA3.1.pdf
https://johnsoncontrols.fluidtopics.net/viewer/document/YvkvPQspfDWVv1YQp3fITw,160.48-N3.pdf
https://johnsoncontrols.fluidtopics.net/viewer/document/2ulQA0woArj_IoypN_M6vQ,150.60-NM5.pdf
https://johnsoncontrols.fluidtopics.net/viewer/document/8wZ36RWANjh0WSj1WLCSoQ,160.46-CL1.pdf
https://johnsoncontrols.fluidtopics.net/viewer/document/v5VtSWUoS2fHtkg~LEBULQ,201.11-NM1.pdf
https://johnsoncontrols.fluidtopics.net/viewer/document/Xwldcs8yDBFDPTHNnBivCw,160.00-PW1.pdf
https://johnsoncontrols.fluidtopics.net/viewer/document/YnU~~BPim8XtUlkQoJAadg,160.00-PW2.pdf
https://johnsoncontrols.fluidtopics.net/viewer/document/m5H~t~9ypaEUmX20MJskKw,160.00-PW3.pdf
https://johnsoncontrols.fluidtopics.net/viewer/document/42_bFtpc9DbCTjILE1Jhvw,150.70-NM2.1.pdf
https://johnsoncontrols.fluidtopics.net/viewer/document/8wMhGL80ZL87UPX1tLbsfg,150.24-NM27.pdf
https://johnsoncontrols.fluidtopics.net/viewer/document/VBTxLg0v081Y8khNnCh6gQ,160.52-EG1.pdf
https://johnsoncontrols.fluidtopics.net/viewer/document/M451P~dCt2dMq35aqsNouw,160.47-RP4.pdf
https://johnsoncontrols.fluidtopics.net/viewer/document/lIe~bzlPd7GYF6d~GSgPpQ,201.10-RP3.pdf
https://johnsoncontrols.fluidtopics.net/viewer/document/E7OC9u0VI8iO9ujdxccB2Q,201.10-RP4.pdf
https://johnsoncontrols.fluidtopics.net/viewer/document/Bo1V2pLOtrZ~yGI5gXD3Ow,150.65-NM4.pdf
https://johnsoncontrols.fluidtopics.net/viewer/document/UCfdwTxHm5ZIg7HWHsvmrw,7171325x.pdf
https://johnsoncontrols.fluidtopics.net/viewer/document/7u_6Od2UnqkxSqVO_wADzA,160.66-N1.pdf
https://johnsoncontrols.fluidtopics.net/viewer/document/AZqDW_e04v3twNLcKrW7VA,445980.pdf
https://johnsoncontrols.fluidtopics.net/viewer/document/_utE6NWla6eE2woAJxxlyQ,4459827.pdf
https://johnsoncontrols.fluidtopics.net/viewer/document/Nfp~I1S8V~vKgXw_MfKhBA,4459878.pdf
https://johnsoncontrols.fluidtopics.net/viewer/document/hcvGbCrEHpwNEZHKv2Wfvg,4459819.pdf
https://johnsoncontrols.fluidtopics.net/viewer/document/zqnPbxudJ9MYhni0YEQQ8g,4459835.pdf
https://johnsoncontrols.fluidtopics.net/viewer/document/9yFuk6ia5DcwLhbCwMbQ~Q,4459894.pdf
https://johnsoncontrols.fluidtopics.net/viewer/document/MVSxFT1BL9OhLHMr_VtfWQ,4459843.pdf
https://johnsoncontrols.fluidtopics.net/viewer/document/hll4TCyads2og7SQnUgwrw,4459851.pdf
https://johnsoncontrols.fluidtopics.net/viewer/document/mRO5xWJrlqWrXeehjCLsCw,4459886.pdf
https://johnsoncontrols.fluidtopics.net/viewer/document/rsIhjkSqUY35F0nUWqC_eQ,44598124.pdf
https://johnsoncontrols.fluidtopics.net/viewer/document/1ArE3jElRW~19AhH1rap5w,44598191.pdf
https://johnsoncontrols.fluidtopics.net/viewer/document/MwPrvjYGHT3PSAA7r3fD~g,44598205.pdf
https://johnsoncontrols.fluidtopics.net/viewer/document/BxFp2aLWV0C4PJ7J_DRLew,44598213.pdf
https://johnsoncontrols.fluidtopics.net/viewer/document/nK5Erc53vXIoy8bVvat_wQ,160.60-O1.pdf
https://johnsoncontrols.fluidtopics.net/viewer/document/RY7sHgddCKj1lgMLLjbQ7g,160.66-PW3.pdf
https://johnsoncontrols.fluidtopics.net/viewer/document/bjSQywJzI_UhfhFR7ZnNPQ,160.48-RP3.pdf
https://johnsoncontrols.fluidtopics.net/viewer/document/gOmmJ4bthNi6OsgINrzbzQ,160.49-PW10.pdf
https://johnsoncontrols.fluidtopics.net/viewer/document/JrjjvBdQkPX7ijsfMT5uJA,160.49-PW11.pdf
https://johnsoncontrols.fluidtopics.net/viewer/document/7Q_PXlBXZmWojh8iiF4K0A,160.49-PW13.pdf
https://johnsoncontrols.fluidtopics.net/viewer/document/Lyv2C1jj_usK7Ir9_bItgg,201.10-EG3.pdf
https://johnsoncontrols.fluidtopics.net/viewer/document/j8nCiWaKrRQs_kRI5FOZ3A,201.10-EG2.pdf
https://johnsoncontrols.fluidtopics.net/viewer/document/7lxnU2jU52bhl0hD8F02YA,160.66-PW2.pdf
https://johnsoncontrols.fluidtopics.net/viewer/document/tynZOhMx_gKI96qNJTM_1A,201.10-RP1.pdf
https://johnsoncontrols.fluidtopics.net/viewer/document/DoHMdb8z5NH6dtSAlw9nPw,150.65-W4.pdf
https://johnsoncontrols.fluidtopics.net/viewer/document/dMu2lOF79HZA0H_R2x12Aw,160.49-PW14.pdf
https://johnsoncontrols.fluidtopics.net/viewer/document/AOAXFj6dqGiK112jalYqFA,155.16-NO1.2.pdf
https://johnsoncontrols.fluidtopics.net/viewer/document/dw2BgxG_MFYcW2Vq8jl7yg,160.47-PW1.pdf
https://johnsoncontrols.fluidtopics.net/viewer/document/3j39TdXkgMMHDgrmxq6ucA,160.47-PW2.pdf
https://johnsoncontrols.fluidtopics.net/viewer/document/cs76aiwO~hma5yS2d8bREg,150.60-W5.pdf
https://johnsoncontrols.fluidtopics.net/viewer/document/og8FGKlLHCl6NogNQhGEIg,1900194.pdf
https://johnsoncontrols.fluidtopics.net/viewer/document/liOB_Wmqx4Y~CrxNyrTbVA,150.24-RP27.pdf
https://johnsoncontrols.fluidtopics.net/viewer/document/xf6w_uAQ1CAJqtiIR9SxMg,155.16-O3.pdf
https://johnsoncontrols.fluidtopics.net/viewer/document/c7U2DJRwXYADnDyYJtt6fg,155.19-PA2.pdf
https://johnsoncontrols.fluidtopics.net/viewer/document/UmwxSTAqoTFuyC6_9iCs3w,201.10-W1.pdf
https://johnsoncontrols.fluidtopics.net/viewer/document/QjIXBdRSwkseUVWFgkveaw,201.10-W3.pdf
https://johnsoncontrols.fluidtopics.net/viewer/document/4i4ofoL3TSPtJF3qvmXgng,150.24-W27.pdf
https://johnsoncontrols.fluidtopics.net/viewer/document/lbc3B1tqVWQgP7Vq~0DjZA,201.10-W4.pdf
https://johnsoncontrols.fluidtopics.net/viewer/document/TJB1X3FH0CUE8W4K2SEFag,160.60-N1.pdf
https://johnsoncontrols.fluidtopics.net/viewer/document/XkgrUoFOLcL9INY_5wg05g,201.10-EG1.pdf
https://johnsoncontrols.fluidtopics.net/viewer/document/NGFg5oL0DNNlBlpBk3fuvw,201.10-NM1.pdf
https://johnsoncontrols.fluidtopics.net/viewer/document/DPuFuHipS8OTtsykcka5EA,7171085x.pdf
https://johnsoncontrols.fluidtopics.net/viewer/document/ZtD~d1rpuoaQdNkZ7LR1Xw,195.28-W1.pdf
https://johnsoncontrols.fluidtopics.net/viewer/document/wNAZZWkRNtskhenRG~lkbQ,150.40-NM25.pdf
https://johnsoncontrols.fluidtopics.net/viewer/document/TakwMyNEZ6ZgGRBYmOUOeQ,150.40-NM20.pdf
https://johnsoncontrols.fluidtopics.net/viewer/document/xtwm4F9Rnbp9NX1o2MAwgw,195.26-W3.pdf
https://johnsoncontrols.fluidtopics.net/viewer/document/7HksKDZOEv_njotxfWP_uA,150.70-NM2.pdf
https://johnsoncontrols.fluidtopics.net/viewer/document/E2eI9z6_t9zZuQsRH7xFqw,201.10-RP2.pdf
https://johnsoncontrols.fluidtopics.net/viewer/document/FWjTLlB0JrIIT6w89LmwEg,155.17-PA3.pdf
https://johnsoncontrols.fluidtopics.net/viewer/document/EUtKogZZ7OobTsaXJmJT9A,150.65-NM2.1.pdf
https://johnsoncontrols.fluidtopics.net/viewer/document/aZ7B028uIrTDyhzurmFq6A,160.49-PW7.pdf
https://johnsoncontrols.fluidtopics.net/viewer/document/zZ3mcG~mAFuvd8ikxi~tkw,160.49-PW8.pdf
https://johnsoncontrols.fluidtopics.net/viewer/document/mMnK6kmdgkg7CXWeJ~S_rQ,155.19-PA1.pdf
https://johnsoncontrols.fluidtopics.net/viewer/document/ZxQcPoMelAG7VD0sKH9mVw,125740.pdf
https://johnsoncontrols.fluidtopics.net/viewer/document/AyL~_bf3X7Vtitdki7w1WQ,160.48-RP1.pdf
https://johnsoncontrols.fluidtopics.net/viewer/document/8ioENJ0XxZlMbDLvhsOX_Q,160.48-RP2.pdf
https://johnsoncontrols.fluidtopics.net/viewer/document/v2p6dOb4Y~UzDbybcRdKsA,155.19-W1.pdf
https://johnsoncontrols.fluidtopics.net/viewer/document/RJJ4_KEB5OSEPGh8lV_xag,7171081x.pdf
https://johnsoncontrols.fluidtopics.net/viewer/document/1H_hsrmkH9Py~39ytbOa9A,7171083x.pdf
https://johnsoncontrols.fluidtopics.net/viewer/document/AIFti7xjHtPiJa8lkyScgw,2681165.pdf
https://johnsoncontrols.fluidtopics.net/viewer/document/ab7egXdOgRX0jE0HQVuCJw,155.16-PA1.pdf
https://johnsoncontrols.fluidtopics.net/viewer/document/8favkfB037pWY94VQEgFXQ,155.16-W1.pdf
https://johnsoncontrols.fluidtopics.net/viewer/document/rMlQyvthyLYFWCXy5N0Tkg,155.16-PA2.pdf
https://johnsoncontrols.fluidtopics.net/viewer/document/4eQqYQcLFAEw2fhgk~YYMA,160.46-RP1.4.pdf
https://johnsoncontrols.fluidtopics.net/viewer/document/daeqg8a2XxBORtvEdhyKug,160.60-PW3.pdf
https://johnsoncontrols.fluidtopics.net/viewer/document/KeeFkP_QBAUa8BpqS0i~fg,195.26-NM3.pdf
https://johnsoncontrols.fluidtopics.net/viewer/document/SGxGaYjaMICXgdg8bHstmA,160.49-N1.pdf
https://johnsoncontrols.fluidtopics.net/viewer/document/Y_syblotjnA4QCrDzgeMyA,160.49-O1.pdf
https://johnsoncontrols.fluidtopics.net/viewer/document/ERtuV93nBdaWFHpqTdxWrg,160.47-O1.1.pdf
https://johnsoncontrols.fluidtopics.net/viewer/document/vqnf3VZndx9wWwz38zlODQ,160.49-O2.pdf
https://johnsoncontrols.fluidtopics.net/viewer/document/qVYwMYOGrB1fC7KSSd_IaQ,160.49-N5.pdf
https://johnsoncontrols.fluidtopics.net/viewer/document/ToMJtbtGNcMvqqbt0TmF7g,155.17-O2.pdf
https://johnsoncontrols.fluidtopics.net/viewer/document/Ss1oAEzWMyD8N8i3E2cLCQ,155.17-PA2.pdf
https://johnsoncontrols.fluidtopics.net/viewer/document/ktjtAW2suCSJSaUg4VD1cQ,7171185x.pdf
https://johnsoncontrols.fluidtopics.net/viewer/document/6uf5fPn6qRBw10L5Nxr7ug,7171152.pdf
https://johnsoncontrols.fluidtopics.net/viewer/document/V0mVqrKm~Di0BwhacMZc7A,155.17-F4.pdf
https://johnsoncontrols.fluidtopics.net/viewer/document/7KIjNcFpeUNMV6A797Rq~w,150.44-W5.pdf
https://johnsoncontrols.fluidtopics.net/viewer/document/sgt8A_gm70UKN_hdIGODdg,632060.pdf
https://johnsoncontrols.fluidtopics.net/viewer/document/PJLiWh_LlTI_xN4tsg2Aqw,632050.pdf
https://johnsoncontrols.fluidtopics.net/viewer/document/NIuKTV~aNwrCkJAKQHEJWg,632030.pdf
https://johnsoncontrols.fluidtopics.net/viewer/document/aE_Rwu8R303RZIUNLXeYjQ,160.48-O1.pdf
https://johnsoncontrols.fluidtopics.net/viewer/document/utx~UeIV5ERKDIprJu7mMA,2681040.pdf
https://johnsoncontrols.fluidtopics.net/viewer/document/69FWyl2F_FWDx7lwB2KRKw,195.26-RP3.pdf
https://johnsoncontrols.fluidtopics.net/viewer/document/6CsBZ94oT30SPcGt4NbRTQ,195.28-RP1.pdf
https://johnsoncontrols.fluidtopics.net/viewer/document/KJ3_5xikr~Hu7JqwKlpDUw,201.10-W2.pdf
https://johnsoncontrols.fluidtopics.net/viewer/document/8g6T4drZLUYGikZHhqt9NA,125610.pdf
https://johnsoncontrols.fluidtopics.net/viewer/document/ORfCWQZBUmzWZPlVAr1Zyw,160.48-PA14.pdf
https://johnsoncontrols.fluidtopics.net/viewer/document/vV5azs24tVApDgZRrzBzAQ,160.60-PW2.pdf
https://johnsoncontrols.fluidtopics.net/viewer/document/siWYDHWgN0e04f93w5aBkg,160.48-PA16.pdf
https://johnsoncontrols.fluidtopics.net/viewer/document/_gRmob6DIdvQSbAhMUBb6g,201.10-NM2.pdf
https://johnsoncontrols.fluidtopics.net/viewer/document/Wj2JcIjD1_2otG1PUkrN8g,160.48-PA1.pdf
https://johnsoncontrols.fluidtopics.net/viewer/document/ElkbzSTuoff3Hfpuw~80Tw,160.48-PA18.pdf
https://johnsoncontrols.fluidtopics.net/viewer/document/2YeUA7Q2s1Y9bQgKyloEFw,160.48-PA17.pdf
https://johnsoncontrols.fluidtopics.net/viewer/document/aL5zxijlQ6g1f4KmyC5Ltw,150.75-RP2.pdf
https://johnsoncontrols.fluidtopics.net/viewer/document/HZeCx1DIsaR6qJY~sZS1mg,150.70-W2.pdf
https://johnsoncontrols.fluidtopics.net/viewer/document/k~Ei9Y_kf_b7JwgUVCC55Q,160.49-PA1.pdf
https://johnsoncontrols.fluidtopics.net/viewer/document/ARV32IltN7V_KszvCBl4Pg,160.46-OM3.1 (SB12).pdf
https://johnsoncontrols.fluidtopics.net/viewer/document/3u0wsDhq4hYt6UzRLE1pJA,155.16-PA1.2.pdf
https://johnsoncontrols.fluidtopics.net/viewer/document/8rgCo20sMjeJ_xo5oM6u~w,155.16-PA1.1.pdf
https://johnsoncontrols.fluidtopics.net/viewer/document/KDI0Tr9gIsF5Lf86TbUfBw,150.75-W2.pdf
https://johnsoncontrols.fluidtopics.net/viewer/document/bzsogj7blmjBZOi2l7vhFw,195.28-NM1.pdf
https://johnsoncontrols.fluidtopics.net/viewer/document/bqAExjjaf7bIWmfdsGiH_A,160.48-PA20.pdf
https://johnsoncontrols.fluidtopics.net/viewer/document/UMRM0srU3kY3HXNjS~WNgQ,160.48-PA19.pdf
https://johnsoncontrols.fluidtopics.net/viewer/document/ceQ9dPpS2ZdnWsZsbpXxag,150.70-RP2.pdf
https://johnsoncontrols.fluidtopics.net/viewer/document/oCwL2Wh22Ev2ECxRkQCsAw,444855.pdf
https://johnsoncontrols.fluidtopics.net/viewer/document/Yzr6gyQNTrjF_LyczjpkJA,160.48-N1.pdf
https://johnsoncontrols.fluidtopics.net/viewer/document/EKqGEevq_OAegxAR3jB74g,150.65-RP3.pdf
https://johnsoncontrols.fluidtopics.net/viewer/document/aihVYQBzXN5FZDFKiJV4ZQ,150.75-NM1.2.pdf
https://johnsoncontrols.fluidtopics.net/viewer/document/yLnM4ErzDm~CmtKDp1dDrg,7171060x.pdf
https://johnsoncontrols.fluidtopics.net/viewer/document/cTEtOZ4BnpOCFbQ8YDQmFQ,S2904-0001.pdf
https://johnsoncontrols.fluidtopics.net/viewer/document/HFIAPQOB0avt4gT5H0N~PQ,160.48-EG1.pdf
https://johnsoncontrols.fluidtopics.net/viewer/document/fjOLcXnuiHXZydeM9LILWw,150.44-RP5.pdf
https://johnsoncontrols.fluidtopics.net/viewer/document/j9GvPXddwBJEhxDJasotYA,150.75-NM2.pdf
https://johnsoncontrols.fluidtopics.net/viewer/document/vLDsyyVyUA1EHztyZgaJhw,4430965.pdf
https://johnsoncontrols.fluidtopics.net/viewer/document/DsfNsnPMWnxrFZhFFqtOGg,2486691.pdf
https://johnsoncontrols.fluidtopics.net/viewer/document/OHKO7QsnwQ5lwQMn~vD6Bw,150.70-EG2.pdf
https://johnsoncontrols.fluidtopics.net/viewer/document/2zqPo9s1VjdaQHYavjSQDQ,180.45-RP1.pdf
https://johnsoncontrols.fluidtopics.net/viewer/document/GWS3BOwf3bk1iHXLz8Q2Jg,150.60-RP4.pdf
https://johnsoncontrols.fluidtopics.net/viewer/document/zw23MBUC0EoLXFncXqkUCQ,7171140.pdf
https://johnsoncontrols.fluidtopics.net/viewer/document/RJA3qvNee~y0o6MYHY9kEg,7171145.pdf
https://johnsoncontrols.fluidtopics.net/viewer/document/nBqYrTq_Xg55r81~CCCR9A,155.17-F2.pdf
https://johnsoncontrols.fluidtopics.net/viewer/document/pk21r31gGVAU98ha2_bUGQ,155.17-F1.pdf
https://johnsoncontrols.fluidtopics.net/viewer/document/HgQdnl3~AKtL52xeF6bcUw,7171082x.pdf
https://johnsoncontrols.fluidtopics.net/viewer/document/_7Dt8UQWUKuG~ywr1JPTPA,150.65-NM3.pdf
https://johnsoncontrols.fluidtopics.net/viewer/document/LMkt6nM3sLkaLK_f1EcKAw,7171120.pdf
https://johnsoncontrols.fluidtopics.net/viewer/document/u6VLW82K9Q0TfQ8i4rbtBg,160.47-F1.pdf
https://johnsoncontrols.fluidtopics.net/viewer/document/Kt39BZCvm~dx0U7AVmoswQ,216506.pdf
https://johnsoncontrols.fluidtopics.net/viewer/document/S7kl~hOuzoBKvBgluR~sqQ,150.60-NM4.pdf
https://johnsoncontrols.fluidtopics.net/viewer/document/V2HkdBIZo_bfVIJN5nPWHw,155.17-LS1.pdf
https://johnsoncontrols.fluidtopics.net/viewer/document/Iy7zYqDamwacZhGVBJ25Uw,150.60-W4.pdf
https://johnsoncontrols.fluidtopics.net/viewer/document/p8XD_J7ai6enqKqVmq~hRA,155.16-W3.pdf
https://johnsoncontrols.fluidtopics.net/viewer/document/TSFbbr4OxW9~l_670A4TWA,4430949.pdf
https://johnsoncontrols.fluidtopics.net/viewer/document/6iHbMh~8RH1FfcYyqRtrtA,150.65-NM2.pdf
https://johnsoncontrols.fluidtopics.net/viewer/document/tC05ZgApsYUATTSi7GvcjQ,150.55-RP3.pdf
https://johnsoncontrols.fluidtopics.net/viewer/document/~oZS0aKLIbdvX1kBEzG7lA,150.55-NM3.pdf
https://johnsoncontrols.fluidtopics.net/viewer/document/MJL6F_LjTPrTG0YXzovTmA,150.44-NM5.pdf
https://johnsoncontrols.fluidtopics.net/viewer/document/5feZLHvuusS9BW8LzCxr3A,S2902-0003.pdf
https://johnsoncontrols.fluidtopics.net/viewer/document/9eCnoREIg7Wy~bDq~LymRw,155.16-RP2.pdf
https://johnsoncontrols.fluidtopics.net/viewer/document/oawMBsHpD0M7hnOtSa3ErA,150.02-NM3.pdf
https://johnsoncontrols.fluidtopics.net/viewer/document/Id9EzqSM6VixEr4_VsD9bg,155.17-NM2.30.pdf
https://johnsoncontrols.fluidtopics.net/viewer/document/WqcHpL7cuNUbhTUltuoYZA,155.17-NM2.pdf
https://johnsoncontrols.fluidtopics.net/viewer/document/KoEjhIz9vtnjsNK6vWJZdQ,150.65-W2.pdf
https://johnsoncontrols.fluidtopics.net/viewer/document/5e7O~OkQ7valV3Jg9ntjkA,150.65-RP2.pdf
https://johnsoncontrols.fluidtopics.net/viewer/document/PNQUaB_tUq_Lohdt3h4uwA,150.55-NM3.1.pdf
https://johnsoncontrols.fluidtopics.net/viewer/document/V_rceS~IsMRDHj29R1a_Sw,216502.pdf
https://johnsoncontrols.fluidtopics.net/viewer/document/hDBH3sw4XLGdQydiTPiJMA,216060P.pdf
https://johnsoncontrols.fluidtopics.net/viewer/document/TpcHKYepD_HXgbR33i3nzQ,216060X.pdf
https://johnsoncontrols.fluidtopics.net/viewer/document/FCbZXjUg3mG9KI4JhMWAkw,216061X.pdf
https://johnsoncontrols.fluidtopics.net/viewer/document/hhJwg9Zs4UkywVxqyD01PQ,216280.pdf
https://johnsoncontrols.fluidtopics.net/viewer/document/0H2EJk6YVdL0moAD561_Jg,150.60-NM3.pdf
https://johnsoncontrols.fluidtopics.net/viewer/document/MpHV0JVlPg4BiwOT1L2v3w,150.60-W3.pdf
https://johnsoncontrols.fluidtopics.net/viewer/document/qIINDx_~QwaT3JuTLOH~4Q,160.46-RP4.pdf
https://johnsoncontrols.fluidtopics.net/viewer/document/rfre5i4HZm0igYgd7GBGwA,150.44-W4.pdf
https://johnsoncontrols.fluidtopics.net/viewer/document/Fe_HJG3fQNbXjE4LoG3FaA,150.60-RP3.pdf
https://johnsoncontrols.fluidtopics.net/viewer/document/FisOUOWj73q6AUZYezQBJw,570.05-N4Y.pdf
https://johnsoncontrols.fluidtopics.net/viewer/document/a9oKUo_HKeidBfjEn0qtRA,570.05-N3Y.pdf
https://johnsoncontrols.fluidtopics.net/viewer/document/1YsBrck3OQnfKLDWRMWKUg,150.44-RP4.pdf
https://johnsoncontrols.fluidtopics.net/viewer/document/CBgmxNSWmBdwJ94PWnPXUw,150.44-NM4.pdf
https://johnsoncontrols.fluidtopics.net/viewer/document/rXwqs~bxOWoPvzkSJICuFA,155.19-LS1.pdf
https://johnsoncontrols.fluidtopics.net/viewer/document/Z5JmmhuC8pgR44ZVd2nR7Q,160.49-O4.1.pdf
https://johnsoncontrols.fluidtopics.net/viewer/document/4Ct_oLg30GaQsvIFc_bV5w,155.16-O3.1.pdf
https://johnsoncontrols.fluidtopics.net/viewer/document/c9KEbzCh~tw1MRMc5cWEAA,195.21-NM2.pdf
https://johnsoncontrols.fluidtopics.net/viewer/document/EGusGEae5_2XDZFKoPGCKw,150.44-RP3.pdf
https://johnsoncontrols.fluidtopics.net/viewer/document/6WtsxrsYtm9aDvFoigbn7A,160.45-RP2.2.pdf
https://johnsoncontrols.fluidtopics.net/viewer/document/5vEXSkIA1Ehtifpwk8snlg,150.65-RP1.pdf
https://johnsoncontrols.fluidtopics.net/viewer/document/cD8Eu8nNBOEobOzHQFF5WA,150.55-RP2.pdf
https://johnsoncontrols.fluidtopics.net/viewer/document/eRtEo5JYiJOyvOGqYkwyig,160.49-PW1.pdf
https://johnsoncontrols.fluidtopics.net/viewer/document/FaABO0ufYPVMgydPnPp5XA,160.49-PW2.pdf
https://johnsoncontrols.fluidtopics.net/viewer/document/TTpzDUA_nsikHSg~Cfpzuw,160.49-PW5.pdf
https://johnsoncontrols.fluidtopics.net/viewer/document/vyMGacBkX6QDA8ANa~YV0A,160.49-PW3.pdf
https://johnsoncontrols.fluidtopics.net/viewer/document/H4B3ur~RTWs~bHi___dxOg,160.49-PW4.pdf
https://johnsoncontrols.fluidtopics.net/viewer/document/oJwxKPpgVP~xnYjyTt68sQ,160.49-PW6.pdf
https://johnsoncontrols.fluidtopics.net/viewer/document/MCp5XXsD7_Lc0BvTcVhAQA,150.22-NM1.2.pdf
https://johnsoncontrols.fluidtopics.net/viewer/document/wpPfmS916nEun6~9zbw7JA,160.46-EG2.pdf
https://johnsoncontrols.fluidtopics.net/viewer/document/9NL3Djy_D3GRHGB6q~BhFw,155.17-N4.pdf
https://johnsoncontrols.fluidtopics.net/viewer/document/gVNma4fmWQ~BEsdlI9r56w,155.17-N3.pdf
https://johnsoncontrols.fluidtopics.net/viewer/document/r~aTTeRNFxWV6g3Q4KbEbA,150.44-NM3.1.pdf
https://johnsoncontrols.fluidtopics.net/viewer/document/My1SLYvRhvsm30J1ygYW3A,155.17-SU2.pdf
https://johnsoncontrols.fluidtopics.net/viewer/document/5~v4GcVnkBCuxMFj8ywoZw,570.05-RP2Y.pdf
https://johnsoncontrols.fluidtopics.net/viewer/document/55FnISlKd8StyvGbWTDjrQ,570.05-RP3Y.pdf
https://johnsoncontrols.fluidtopics.net/viewer/document/sikjDupr_6svBz78tL32Hg,570.05-RP4Y.pdf
https://johnsoncontrols.fluidtopics.net/viewer/document/5K~c2FaNqqK3kO2jwma1EQ,570.05-RP5Y.pdf
https://johnsoncontrols.fluidtopics.net/viewer/document/BLPIUTkZ8RwegZ88vN4nIg,195.26-W2.pdf
https://johnsoncontrols.fluidtopics.net/viewer/document/JasCe2PFC0FZ7kizogIIVw,180.45-RP2.pdf
https://johnsoncontrols.fluidtopics.net/viewer/document/JDOKQdyoZ4EwtSAnhS6JMw,VTFLUSH.pdf
https://johnsoncontrols.fluidtopics.net/viewer/document/SDP16iCbM3ZG4wQixTQlZg,195.26-NM2.pdf
https://johnsoncontrols.fluidtopics.net/viewer/document/2_8O16viuv6QD0w2LdiAcw,195.24-NM2.pdf
https://johnsoncontrols.fluidtopics.net/viewer/document/v2hdEyW2L_dmOTOT9_BFnA,150.71-NM1.pdf
https://johnsoncontrols.fluidtopics.net/viewer/document/bxME2Ay2FJkZC~pqEtNUOQ,155.17-SU1.pdf
https://johnsoncontrols.fluidtopics.net/viewer/document/DxObvKlstwGLMOgYKyi5Xg,150.75-W1.pdf
https://johnsoncontrols.fluidtopics.net/viewer/document/_JOlaHIwcZ85eSCbx6AO0A,160.47-RP2.pdf
https://johnsoncontrols.fluidtopics.net/viewer/document/QxZV01OQa16EU1hoSxxdcg,180.23-RP3.pdf
https://johnsoncontrols.fluidtopics.net/viewer/document/9Vm0XA~5B6mb0~BsweHg8Q,160.49-N4.pdf
https://johnsoncontrols.fluidtopics.net/viewer/document/1PQ7T6gaCKvc3zfeGbxucg,150.75-NM1.pdf
https://johnsoncontrols.fluidtopics.net/viewer/document/F4MWwPiOUF_KvS0Wp7GywQ,155.00-CH1.pdf
https://johnsoncontrols.fluidtopics.net/viewer/document/9gBez_aDvSd8zQrpXKB_0Q,150.44-NM3.pdf
https://johnsoncontrols.fluidtopics.net/viewer/document/FAW8Ap8G2SrtdiYRLWd62g,150.55-NM2.pdf
https://johnsoncontrols.fluidtopics.net/viewer/document/B2_KuJNUuOwrRvDlrae5Sg,150.65-NM1.pdf
https://johnsoncontrols.fluidtopics.net/viewer/document/CNX4313f~r90HQXBIluAKQ,150.70-NM1.pdf
https://johnsoncontrols.fluidtopics.net/viewer/document/wNW3FxbFM1Na4WGBiXZM_g,150.24-NM26.pdf
https://johnsoncontrols.fluidtopics.net/viewer/document/nm5H6v3KxBD~6yr3jaEjVA,160.46-O1.1.pdf
https://johnsoncontrols.fluidtopics.net/viewer/document/yHrBY_AoHiehqJOR6q5X6A,160.48-PA11.pdf
https://johnsoncontrols.fluidtopics.net/viewer/document/EiboLmFJC~8Yz7rRbJdWQQ,160.46-RP1.3.pdf
https://johnsoncontrols.fluidtopics.net/viewer/document/O4GMrXRA23XLicYSzISsBg,160.46-N1.2.pdf
https://johnsoncontrols.fluidtopics.net/viewer/document/bmDUoKyon2A4~mBMpZs4jg,160.46-N3.2.pdf
https://johnsoncontrols.fluidtopics.net/viewer/document/YjbJN9Dlf2DZfvBgT1k~_Q,160.48-PA13.1.pdf
https://johnsoncontrols.fluidtopics.net/viewer/document/u~b342_ifPlU0Yq5PX0pbA,155.17-RP1.pdf
https://johnsoncontrols.fluidtopics.net/viewer/document/6F7TCPcw7r23_WwzZodNyg,160.48-O1.1.pdf
https://johnsoncontrols.fluidtopics.net/viewer/document/F1AM13xYtNhX1hWUMsZgjg,160.46-PA4.1.pdf
https://johnsoncontrols.fluidtopics.net/viewer/document/AVTuhrHCrRizUQBEcHbafA,160.48-N2.4.pdf
https://johnsoncontrols.fluidtopics.net/viewer/document/k3X4lqI9hhWZ2t3PKWmCxw,180.23-RP1.pdf
https://johnsoncontrols.fluidtopics.net/viewer/document/iMtWb0q9bmWWPwhK~SUSuA,160.48-PA7.1.pdf
https://johnsoncontrols.fluidtopics.net/viewer/document/S9hkJm6~Y3Z2WZSCe_5W6A,160.48-PA6.1.pdf
https://johnsoncontrols.fluidtopics.net/viewer/document/OW597cMCGa~ExF71JXqoZQ,160.46-N5.pdf
https://johnsoncontrols.fluidtopics.net/viewer/document/e~U5h~igQgbEC_0W7Dt5_A,160.46-O1.pdf
https://johnsoncontrols.fluidtopics.net/viewer/document/LPc5h9Q_Tt0m~nSPZ2_GZA,160.46-PA2.pdf
https://johnsoncontrols.fluidtopics.net/viewer/document/qK7p65TThZFvgoKiFeoB5g,150.60-W2.pdf
https://johnsoncontrols.fluidtopics.net/viewer/document/OSMofhY7Qx~iimxImxSzEA,160.46-N4.pdf
https://johnsoncontrols.fluidtopics.net/viewer/document/PdDjLH~xU196YFdgf16KBw,160.46-N1.pdf
https://johnsoncontrols.fluidtopics.net/viewer/document/s8g6s6lIxINHFpxKpDU8PQ,150.55-NM2.1.pdf
https://johnsoncontrols.fluidtopics.net/viewer/document/96_G4ZAT0_FRF9lmPaUufA,150.23-RP1.pdf
https://johnsoncontrols.fluidtopics.net/viewer/document/DclDjVvGam_W4Ng9H01NLg,150.44-W3.pdf
https://johnsoncontrols.fluidtopics.net/viewer/document/6f5QCYrPjvb8aWys4kGVpw,150.80-NM1.pdf
https://johnsoncontrols.fluidtopics.net/viewer/document/ALxqFt5Fkr~AuUjHg~mPlQ,LVR27A.pdf
https://johnsoncontrols.fluidtopics.net/viewer/document/0n9oHxx~RpXZ8AcG3WU82Q,155.17-NO1.2.pdf
https://johnsoncontrols.fluidtopics.net/viewer/document/1dKfMkKEXICJQ6pHHdszNQ,150.24-RP26.pdf
https://johnsoncontrols.fluidtopics.net/viewer/document/tfmLkItgCfBDwwodlqg4qQ,160.47-EG1.pdf
https://johnsoncontrols.fluidtopics.net/viewer/document/U2L2~hYOxnG8Fe19K4bq~A,195.26-RP2.pdf
https://johnsoncontrols.fluidtopics.net/viewer/document/4dF80umZhsR0TqaS13aOXQ,195.24-RP2.pdf
https://johnsoncontrols.fluidtopics.net/viewer/document/1t_9PPBSoKttuKfYQsRlkg,150.60-RP2.pdf
https://johnsoncontrols.fluidtopics.net/viewer/document/wpbyewMCuJFN~wQxB34uGg,155.17-RP2.pdf
https://johnsoncontrols.fluidtopics.net/viewer/document/CA7ivpxcEosSL8dosuekKw,155.16-PA2.2.pdf
https://johnsoncontrols.fluidtopics.net/viewer/document/XJemLwgdVtkMLtJxKR~Gow,150.75-RP1.pdf
https://johnsoncontrols.fluidtopics.net/viewer/document/CgQ~Ohk15qDwzYUKJgyWjw,160.46-PA1.pdf
https://johnsoncontrols.fluidtopics.net/viewer/document/V2Rvo0WHdAfLcJg_Sacj2A,150.70-RP1.pdf
https://johnsoncontrols.fluidtopics.net/viewer/document/l6TRQvSyZWC6D~Yx9EydUA,160.47-NOM4.1.pdf
https://johnsoncontrols.fluidtopics.net/viewer/document/hZzME3qzAjPbbUe6udPeKQ,160.47-RP1.pdf
https://johnsoncontrols.fluidtopics.net/viewer/document/OLS9Nib1_RD4Xl6UqUdRHg,195.24-EG1.pdf
https://johnsoncontrols.fluidtopics.net/viewer/document/KN5uchR1iqHuZ6RRflTbtA,160.47-O4.1.pdf
https://johnsoncontrols.fluidtopics.net/viewer/document/3U8INBBwwrOdjKwraSp_Lw,150.60-NM2.pdf
https://johnsoncontrols.fluidtopics.net/viewer/document/bE5v97ycQPOn~7iXJ_Ag0w,195.24-W2.pdf
https://johnsoncontrols.fluidtopics.net/viewer/document/eAFa9xczzbL4EHby34rTyA,121635.pdf
https://johnsoncontrols.fluidtopics.net/viewer/document/mikB8kYQSXHLOI9xPvMpaw,160.48-PA9.pdf
https://johnsoncontrols.fluidtopics.net/viewer/document/4A3zt7PmpsneDg3_qvQtIw,150.75-NM1.1.pdf
https://johnsoncontrols.fluidtopics.net/viewer/document/q2uj0Q_VegAZbIjQPPN1mw,150.70-W1.pdf
https://johnsoncontrols.fluidtopics.net/viewer/document/zMv86EprK4hDmYuo7wJNdg,150.55-W2.pdf
https://johnsoncontrols.fluidtopics.net/viewer/document/bo7Id0SfVh3omFqN4V76fw,160.46-EG1.pdf
https://johnsoncontrols.fluidtopics.net/viewer/document/Xj6_1avXZQ_PAAwmPVHpVQ,150.24-W26.pdf
https://johnsoncontrols.fluidtopics.net/viewer/document/flmt2gi368Takd8bc0bAOQ,155.17-F7.pdf
https://johnsoncontrols.fluidtopics.net/viewer/document/7rdrg49q0sGxf2DT7sAtRw,195.24-RP1.pdf
https://johnsoncontrols.fluidtopics.net/viewer/document/CyyrBJLyDk7fnqFbIpaSnw,50.00-N1.pdf
https://johnsoncontrols.fluidtopics.net/viewer/document/tU2A6zsB90YIp_gt_WHjrw,195.26-RP1.pdf
https://johnsoncontrols.fluidtopics.net/viewer/document/yhF6rQc8G778boyOh2QNsw,160.46-OM3.1.pdf
https://johnsoncontrols.fluidtopics.net/viewer/document/4oqmZCQitgUQqb7pjMZoPQ,150.65-W1.pdf
https://johnsoncontrols.fluidtopics.net/viewer/document/8UGo1ufCMOHpWSGN~8hIjw,216140P.pdf
https://johnsoncontrols.fluidtopics.net/viewer/document/yRkFODo8bdA_Z~i06QVcfQ,216140T.pdf
https://johnsoncontrols.fluidtopics.net/viewer/document/_TMg9I2AwOunGASRAIXgEQ,150.55-NM1.1.pdf
https://johnsoncontrols.fluidtopics.net/viewer/document/_IKh4lse5~JJ3jH_vfSiXA,150.44-W2.pdf
https://johnsoncontrols.fluidtopics.net/viewer/document/LN4H6fCsuyDlU94zOsTtjA,2681H352.pdf
https://johnsoncontrols.fluidtopics.net/viewer/document/CBlj2uoL0Ic9VkraFOBRZQ,160.46-NOM4.1.pdf
https://johnsoncontrols.fluidtopics.net/viewer/document/TiFmQy3LFTxwnU0sS2JihQ,160.46-O4.1.pdf
https://johnsoncontrols.fluidtopics.net/viewer/document/tW22_5OrS1gSNFHwCqoAHA,150.40-EG1.pdf
https://johnsoncontrols.fluidtopics.net/viewer/document/WVB57iBKcf6Pw6ueprLXjA,155.17-NM1.pdf
https://johnsoncontrols.fluidtopics.net/viewer/document/OALMcTh2jYxE3NldRNOUkg,195.26-NM1.pdf
https://johnsoncontrols.fluidtopics.net/viewer/document/7XNy0~aF4044X3eFkSqrmA,155.17-O1.pdf
https://johnsoncontrols.fluidtopics.net/viewer/document/w9Z3cgHRBN4~oH9QFC1pdQ,195.24-W1.pdf
https://johnsoncontrols.fluidtopics.net/viewer/document/vdTrjZWXGBWcQLotXRBaVg,155.17-F3.pdf
https://johnsoncontrols.fluidtopics.net/viewer/document/LIlWaEtjsabRx7SqnHPhpg,160.45-PA5.1.pdf
https://johnsoncontrols.fluidtopics.net/viewer/document/8~2sNKkcGbn3vDdzMznzuA,160.46-NO2.pdf
https://johnsoncontrols.fluidtopics.net/viewer/document/C~oe1OojDivNE0ywo_Te5g,160.65-N1.2.pdf
https://johnsoncontrols.fluidtopics.net/viewer/document/Wa0a5DVWMrnsrjP1rfv6rw,150.40-RP25.pdf
https://johnsoncontrols.fluidtopics.net/viewer/document/Qg~6d23UPDYO2_A9NS5C_Q,150.40-NM30.1.pdf
https://johnsoncontrols.fluidtopics.net/viewer/document/kqhKtLTYZkeeqrWskM81VA,150.24-W25.pdf
https://johnsoncontrols.fluidtopics.net/viewer/document/e5jvZSLgN8JcXQiMmaG1YQ,160.46-NO1.2.pdf
https://johnsoncontrols.fluidtopics.net/viewer/document/P9CYJb7o27HVYq666EIs4A,160.46-RP1.pdf
https://johnsoncontrols.fluidtopics.net/viewer/document/f0_h~1dX3JOVJXMuglsiWg,150.40-NM25.1.pdf
https://johnsoncontrols.fluidtopics.net/viewer/document/15Ys_gvqLVHOM37qHmVHyQ,195.24-NM1.pdf
https://johnsoncontrols.fluidtopics.net/viewer/document/gFO5N~sKUHBjl_DmDaI7qg,150.22-EG1.pdf
https://johnsoncontrols.fluidtopics.net/viewer/document/HZAvDiJqLCIjeAednpnbWw,150.60-NM1.2.pdf
https://johnsoncontrols.fluidtopics.net/viewer/document/VzVAspUfh7bIwlA3R9WUFg,150.60-NM2.1.pdf
https://johnsoncontrols.fluidtopics.net/viewer/document/fDHyCcN2tZthB45Af3FqWA,160.48-PA6.pdf
https://johnsoncontrols.fluidtopics.net/viewer/document/KX_B_snJFG3mkwGSKjpYpw,195.21-EG2.pdf
https://johnsoncontrols.fluidtopics.net/viewer/document/zqT2Q49uP6CLIW6PtYKhog,160.48-PA8.pdf
https://johnsoncontrols.fluidtopics.net/viewer/document/RR~okUrhw6O62ejYGWE8AA,195.26-W1.pdf
https://johnsoncontrols.fluidtopics.net/viewer/document/EY1THAGT5pcWwRNVu_QCvg,160.47-F6.pdf
https://johnsoncontrols.fluidtopics.net/viewer/document/RTfa2mGiFhPgfEjCu4QfnA,160.48-PA10.pdf
https://johnsoncontrols.fluidtopics.net/viewer/document/0L_TBDOtxBq2aPrHMpnMlg,160.48-PA7.pdf
